City_ID,City,Latitude,Longitude,Max Temp,Humidity,Cloudiness,Wind Speed,Country,Date
0,i-n-salah,27.1935,2.4607,28.51,21,0,6.56,DZ,Jun  8 2023
1,hamilton,39.1834,-84.5333,16.6,61,0,1.54,US,Jun  8 2023
2,tafuna,-14.3358,-170.72,26.97,94,100,3.09,AS,Jun  8 2023
3,tiksi,71.6872,128.8694,6.55,69,94,1.41,RU,Jun  8 2023
4,illizi,26.4833,8.4667,22.89,23,21,1.61,DZ,Jun  8 2023
5,puerto natales,-51.7236,-72.4875,0.93,89,100,1.09,CL,Jun  8 2023
6,edinburgh of the seven seas,-37.0676,-12.3116,15.1,83,61,11.3,SH,Jun  8 2023
7,aasiaat,68.7098,-52.8699,-4.64,88,69,2.32,GL,Jun  8 2023
8,guerrero negro,27.9769,-114.0611,15.9,79,86,7.07,MX,Jun  8 2023
9,dudinka,69.4058,86.1778,11.46,48,47,3.09,RU,Jun  8 2023
10,bandarbeyla,9.4942,50.8122,29.32,60,83,10.98,SO,Jun  8 2023
11,ushuaia,-54.8,-68.3,0.81,75,0,2.06,AR,Jun  8 2023
12,trashigang,27.3331,91.5542,32.02,36,91,3.05,BT,Jun  8 2023
13,west island,-12.1568,96.8225,25.99,89,75,6.69,CC,Jun  8 2023
14,adamstown,-25.066,-130.1015,21.64,64,2,3.05,PN,Jun  8 2023
15,borkum,53.5809,6.6915,12.19,83,0,5.04,DE,Jun  8 2023
16,tapes,-30.6733,-51.3958,17.9,85,96,1.41,BR,Jun  8 2023
17,fortuna,40.5982,-124.1573,13.85,93,100,2.57,US,Jun  8 2023
18,yuzhno-kurilsk,44.0306,145.8556,14.56,84,71,1.41,RU,Jun  8 2023
19,gemena,3.25,19.7667,21.12,98,83,0.24,CD,Jun  8 2023
20,ribeira grande,38.5167,-28.7,18.21,79,41,1.34,PT,Jun  8 2023
21,waitangi,-43.9535,-176.5597,11.01,85,39,3.72,NZ,Jun  8 2023
22,udachny,66.4167,112.4,14.14,47,77,2.87,RU,Jun  8 2023
23,invercargill,-46.4,168.35,8.19,83,2,0.73,NZ,Jun  8 2023
24,gizo,-8.103,156.8419,28.15,77,27,4.26,SB,Jun  8 2023
25,lihue,21.9789,-159.3672,26.77,73,20,5.14,US,Jun  8 2023
26,iqaluit,63.7506,-68.5145,1.85,93,100,0.0,CA,Jun  8 2023
27,blackmans bay,-43.0167,147.3167,14.29,86,100,1.52,AU,Jun  8 2023
28,yerofey pavlovich,53.9667,121.9667,17.45,71,92,4.43,RU,Jun  8 2023
29,ancud,-41.8697,-73.8203,13.61,86,100,15.17,CL,Jun  8 2023
30,port elizabeth,-33.918,25.5701,11.29,98,0,0.0,ZA,Jun  8 2023
31,bilibino,68.0546,166.4372,19.03,28,2,4.45,RU,Jun  8 2023
32,ulsteinvik,62.3432,5.8487,10.42,80,91,6.26,NO,Jun  8 2023
33,bethel,41.3712,-73.414,15.05,67,100,2.06,US,Jun  8 2023
34,naama,33.2667,-0.3167,23.63,34,38,9.6,DZ,Jun  8 2023
35,ilulissat,69.2167,-51.1,-0.99,80,100,1.54,GL,Jun  8 2023
36,kapuskasing,49.4169,-82.4331,11.05,50,20,3.09,CA,Jun  8 2023
37,anadyr,64.75,177.4833,11.28,66,40,4.0,RU,Jun  8 2023
38,vorgashor,67.5833,63.95,3.97,61,98,3.62,RU,Jun  8 2023
39,thompson,55.7435,-97.8558,22.09,78,40,0.0,CA,Jun  8 2023
40,pisco,-13.7,-76.2167,21.03,73,100,4.12,PE,Jun  8 2023
41,abuja,9.0574,7.4898,21.08,94,89,1.69,NG,Jun  8 2023
42,olonkinbyen,70.9221,-8.7187,1.39,93,100,4.29,SJ,Jun  8 2023
43,greymouth,-42.4667,171.2,8.33,71,0,0.73,NZ,Jun  8 2023
44,grytviken,-54.2811,-36.5092,2.34,98,100,2.8,GS,Jun  8 2023
45,mednogorsk,51.4128,57.595,17.8,50,78,3.09,RU,Jun  8 2023
46,palapye,-22.546,27.1251,13.47,72,0,2.34,BW,Jun  8 2023
47,belaya kholunitsa,58.84,50.8528,7.24,97,100,3.89,RU,Jun  8 2023
48,longyearbyen,78.2186,15.6401,4.91,65,20,7.72,SJ,Jun  8 2023
49,college,64.8569,-147.8028,23.1,42,75,3.6,US,Jun  8 2023
50,kralendijk,12.15,-68.2667,28.99,79,75,7.72,BQ,Jun  8 2023
51,felipe carrillo puerto,19.5833,-88.05,23.44,99,63,0.48,MX,Jun  8 2023
52,nikel,69.4128,30.222,5.1,59,78,5.37,RU,Jun  8 2023
53,san luis,-33.295,-66.3356,15.05,86,70,4.77,AR,Jun  8 2023
54,yellowknife,62.456,-114.3525,14.29,77,75,4.12,CA,Jun  8 2023
55,port-aux-francais,-49.35,70.2167,4.12,86,100,8.58,TF,Jun  8 2023
56,kargasok,59.0556,80.8572,31.28,35,100,5.82,RU,Jun  8 2023
57,fale old settlement,-9.3852,-171.2468,28.75,72,8,3.33,TK,Jun  8 2023
58,khandyga,62.6667,135.6,23.02,33,22,3.93,RU,Jun  8 2023
59,qaqortoq,60.7167,-46.0333,1.23,87,80,1.51,GL,Jun  8 2023
60,lebyazh'ye,55.2689,66.4947,17.64,56,75,6.8,RU,Jun  8 2023
61,kenai,60.5544,-151.2583,15.05,48,75,5.66,US,Jun  8 2023
62,susuman,62.7833,148.1667,15.6,41,92,1.78,RU,Jun  8 2023
63,urrugne,43.3636,-1.6992,24.82,47,0,2.57,FR,Jun  8 2023
64,nova sintra,14.8667,-24.7167,21.54,84,8,2.21,CV,Jun  8 2023
65,macheng,31.1783,115.0319,31.22,42,84,2.95,CN,Jun  8 2023
66,ribeira brava,32.65,-17.0667,21.51,90,17,5.91,PT,Jun  8 2023
67,albany,42.6001,-73.9662,11.87,86,100,2.24,US,Jun  8 2023
68,isafjordur,66.0755,-23.124,9.06,90,100,5.65,IS,Jun  8 2023
69,garachico,28.7781,-17.7646,19.06,83,75,1.54,ES,Jun  8 2023
70,ioannina,39.6675,20.8508,16.06,80,93,1.54,GR,Jun  8 2023
71,milford haven,51.7128,-5.0341,12.57,85,82,6.15,GB,Jun  8 2023
72,ubari,26.5921,12.7805,23.19,45,99,4.98,LY,Jun  8 2023
73,warrnambool,-38.3833,142.4833,14.49,73,66,8.8,AU,Jun  8 2023
74,alice springs,-23.7,133.8833,18.75,32,0,2.57,AU,Jun  8 2023
75,puerto ayora,-0.7393,-90.3518,24.75,94,97,0.45,EC,Jun  8 2023
76,utrik,11.2278,169.8474,27.57,83,91,8.01,MH,Jun  8 2023
77,touros,-5.1989,-35.4608,25.27,81,2,5.32,BR,Jun  8 2023
78,uturoa,-16.7333,-151.4333,26.49,71,28,10.04,PF,Jun  8 2023
79,malango,-2.9627,119.9001,28.19,53,20,2.14,ID,Jun  8 2023
80,tamandare,-8.7597,-35.1047,24.52,88,81,3.02,BR,Jun  8 2023
81,port mathurin,-19.6833,63.4167,24.87,71,1,8.01,MU,Jun  8 2023
82,whitehorse,60.7161,-135.0538,20.01,34,40,5.66,CA,Jun  8 2023
83,las vegas,36.175,-115.1372,24.69,32,0,8.23,US,Jun  8 2023
84,jwaneng,-24.6004,24.7303,12.74,46,35,2.91,BW,Jun  8 2023
85,olinda,-8.0089,-34.8553,24.85,94,75,2.06,BR,Jun  8 2023
86,jamestown,42.097,-79.2353,11.8,62,0,3.09,US,Jun  8 2023
87,ma'ili,21.4219,-158.1803,28.01,50,20,3.6,US,Jun  8 2023
88,pala,9.3642,14.9046,22.5,87,91,1.53,TD,Jun  8 2023
89,novodvinsk,64.4165,40.8122,9.62,51,87,2.45,RU,Jun  8 2023
90,nizhnesortymskiy,62.4397,71.7603,9.12,88,100,13.56,RU,Jun  8 2023
91,st. john's,47.5649,-52.7093,8.66,97,100,1.54,CA,Jun  8 2023
92,enewetak,11.3474,162.3373,27.97,80,80,6.55,MH,Jun  8 2023
93,arauca,7.0847,-70.7591,26.0,100,40,0.51,CO,Jun  8 2023
94,la'ie,21.6477,-157.9253,27.98,70,82,2.68,US,Jun  8 2023
95,salekhard,66.53,66.6019,9.5,45,86,2.7,RU,Jun  8 2023
96,chinju,35.1928,128.0847,26.9,50,100,2.59,KR,Jun  8 2023
97,hermanus,-34.4187,19.2345,17.11,79,74,8.73,ZA,Jun  8 2023
98,alakurtti,66.9672,30.3491,6.67,86,97,2.34,RU,Jun  8 2023
99,ciudad bolivar,8.1222,-63.5497,25.62,84,82,4.04,VE,Jun  8 2023
100,mejit,10.2753,170.8646,27.92,81,91,7.47,MH,Jun  8 2023
101,gunnedah,-30.9833,150.25,13.2,94,100,4.18,AU,Jun  8 2023
102,luderitz,-26.6481,15.1594,14.37,83,75,3.18,NA,Jun  8 2023
103,iskateley,67.6803,53.1512,4.7,54,97,3.82,RU,Jun  8 2023
104,harnosand,62.6323,17.9379,9.0,61,78,6.37,SE,Jun  8 2023
105,san patricio,28.017,-97.5169,27.92,76,25,2.85,US,Jun  8 2023
106,as sulayyil,20.4607,45.5779,30.14,14,17,0.99,SA,Jun  8 2023
107,flying fish cove,-10.4217,105.6791,25.82,83,75,6.69,CX,Jun  8 2023
108,colonia,50.9333,6.95,16.09,87,2,2.06,DE,Jun  8 2023
109,manoharpur,27.3,75.95,36.92,21,1,6.02,IN,Jun  8 2023
110,salina,38.8403,-97.6114,24.41,69,0,2.06,US,Jun  8 2023
111,talnakh,69.4865,88.3972,11.23,77,100,1.78,RU,Jun  8 2023
112,kodiak,57.79,-152.4072,8.73,93,100,3.6,US,Jun  8 2023
113,lazaro cardenas,17.9583,-102.2,26.91,78,33,1.32,MX,Jun  8 2023
114,vila franca do campo,37.7167,-25.4333,17.23,86,44,6.11,PT,Jun  8 2023
115,kerikeri,-35.2268,173.9474,15.51,77,32,1.34,NZ,Jun  8 2023
116,murghob,38.1702,73.9667,8.02,46,7,1.0,TJ,Jun  8 2023
117,bredasdorp,-34.5322,20.0403,11.48,88,6,3.07,ZA,Jun  8 2023
118,maintirano,-18.0667,44.0167,23.81,56,0,2.06,MG,Jun  8 2023
119,morehead city,34.7229,-76.726,19.44,87,100,3.6,US,Jun  8 2023
120,cabo san lucas,22.8909,-109.9124,26.61,63,6,5.97,MX,Jun  8 2023
121,skelleftea,64.7507,20.9528,9.2,61,0,4.63,SE,Jun  8 2023
122,aitape,-3.1374,142.3475,29.18,76,21,2.93,PG,Jun  8 2023
123,saipan,15.1355,145.701,30.39,100,20,8.23,MP,Jun  8 2023
124,rongelap,11.1635,166.8941,27.36,83,86,7.17,MH,Jun  8 2023
125,siquijor,9.2142,123.515,31.95,73,62,6.75,PH,Jun  8 2023
126,tobol,52.6844,62.5794,17.75,48,85,5.58,KZ,Jun  8 2023
127,bonthe,7.5264,-12.505,26.02,85,100,2.43,SL,Jun  8 2023
128,punta arenas,-53.15,-70.9167,-0.94,86,0,2.57,CL,Jun  8 2023
129,nantucket,41.2835,-70.0995,13.89,100,75,2.06,US,Jun  8 2023
130,gebeit,21.0667,36.3167,32.52,27,67,1.37,SD,Jun  8 2023
131,mwene-ditu,-7.0,23.45,19.02,59,2,0.91,CD,Jun  8 2023
132,northam,51.0333,-4.2167,12.92,87,49,7.15,GB,Jun  8 2023
133,smithers,54.7804,-127.1743,22.18,43,20,1.03,CA,Jun  8 2023
134,xining,36.6167,101.7667,21.3,27,96,1.45,CN,Jun  8 2023
135,vilyuchinsk,52.9306,158.4028,17.15,61,30,2.09,RU,Jun  8 2023
136,mukalla,14.5425,49.1242,30.91,73,28,2.75,YE,Jun  8 2023
137,galesong,-5.3166,119.3661,32.01,62,21,2.74,ID,Jun  8 2023
138,atafu village,-8.5421,-172.5159,28.77,72,18,3.32,TK,Jun  8 2023
139,harnoli,32.2792,71.5539,36.72,27,0,4.25,PK,Jun  8 2023
140,barabai,-2.5833,115.3833,34.01,45,32,0.36,ID,Jun  8 2023
141,hasaki,35.7333,140.8333,28.45,71,100,4.72,JP,Jun  8 2023
142,cururupu,-1.8283,-44.8683,23.07,98,45,1.21,BR,Jun  8 2023
143,colac,-38.3333,143.5833,13.43,74,57,6.66,AU,Jun  8 2023
144,okakarara,-20.5833,17.4333,11.02,40,0,1.74,NA,Jun  8 2023
145,naryn,41.4287,75.9911,19.48,37,0,0.66,KG,Jun  8 2023
146,lupane,-18.9315,27.807,11.43,52,0,2.06,ZW,Jun  8 2023
147,sitka,57.0531,-135.33,14.94,63,0,0.0,US,Jun  8 2023
148,simpang,-1.2667,104.0833,24.12,96,100,2.4,ID,Jun  8 2023
149,pandan,14.0453,124.1694,30.51,61,25,4.03,PH,Jun  8 2023
150,badger,64.8,-147.5333,23.06,44,75,3.6,US,Jun  8 2023
151,nicoya,10.1483,-85.452,23.12,96,100,0.69,CR,Jun  8 2023
152,huangnihe,43.5583,128.0239,20.97,38,100,2.05,CN,Jun  8 2023
153,margaret river,-33.95,115.0667,16.65,60,34,4.28,AU,Jun  8 2023
154,la palma,33.8464,-118.0467,18.79,79,20,4.12,US,Jun  8 2023
155,xiva,41.3783,60.3639,27.99,29,35,5.67,UZ,Jun  8 2023
156,geraldton,-28.7667,114.6,18.23,63,40,4.12,AU,Jun  8 2023
157,fray bentos,-33.1325,-58.2956,18.74,99,68,3.26,UY,Jun  8 2023
158,namibe,-15.1961,12.1522,17.04,77,1,3.52,AO,Jun  8 2023
159,kasongo-lunda,-6.4667,16.8167,20.05,92,88,0.24,CD,Jun  8 2023
160,yeppoon,-23.1333,150.7333,25.88,69,47,2.93,AU,Jun  8 2023
161,nema,57.5067,50.5011,10.94,90,90,5.13,RU,Jun  8 2023
162,petropavlovsk-kamchatsky,53.0452,158.6483,16.33,48,75,6.0,RU,Jun  8 2023
163,kondopoga,62.2057,34.2614,10.82,66,69,2.96,RU,Jun  8 2023
164,puerto deseado,-47.7503,-65.8938,6.85,69,100,3.64,AR,Jun  8 2023
165,lebu,-37.6167,-73.65,14.02,88,100,9.47,CL,Jun  8 2023
166,mumford,5.2618,-0.759,25.39,88,100,3.13,GH,Jun  8 2023
167,port-vila,-17.7338,168.3219,22.94,59,13,5.03,VU,Jun  8 2023
168,conde,-7.2597,-34.9075,23.7,100,75,3.09,BR,Jun  8 2023
169,afif,23.9065,42.9172,31.87,14,13,5.78,SA,Jun  8 2023
170,vila velha,-20.3297,-40.2925,18.86,94,20,0.51,BR,Jun  8 2023
171,papatowai,-46.5619,169.4708,6.34,88,17,0.41,NZ,Jun  8 2023
172,shimoda,34.6667,138.95,24.2,83,100,3.06,JP,Jun  8 2023
173,bamnet narong,15.4992,101.6897,30.31,63,86,7.96,TH,Jun  8 2023
174,hutthurm,48.6667,13.4833,14.97,93,97,1.02,DE,Jun  8 2023
175,bodo,67.28,14.405,6.64,92,100,2.06,NO,Jun  8 2023
176,le morne-rouge,14.7667,-61.1333,24.76,45,41,5.54,MQ,Jun  8 2023
177,vadso,70.0744,29.7487,5.49,70,75,5.66,NO,Jun  8 2023
178,haikou,20.0458,110.3417,33.07,66,20,2.0,CN,Jun  8 2023
179,fredonia,42.4401,-79.3317,12.93,81,0,1.54,US,Jun  8 2023
180,berat,40.7058,19.9522,20.31,72,96,1.17,AL,Jun  8 2023
181,taro,-8.3862,115.28,25.0,69,80,2.18,ID,Jun  8 2023
182,kamaishi,39.2667,141.8833,20.71,74,100,3.85,JP,Jun  8 2023
183,putian,25.4394,119.0103,34.36,51,47,4.4,CN,Jun  8 2023
184,east london,-33.0153,27.9116,11.52,82,0,3.09,ZA,Jun  8 2023
185,san pedro pochutla,15.7333,-96.4667,25.95,79,43,2.0,MX,Jun  8 2023
186,newman,37.3138,-121.0208,22.38,78,100,3.13,US,Jun  8 2023
187,westbrook,43.677,-70.3712,11.63,91,0,3.09,US,Jun  8 2023
188,lumding railway colony,25.749,93.17,32.5,48,100,0.27,IN,Jun  8 2023
189,ivdel',60.6911,60.4206,14.64,49,45,1.1,RU,Jun  8 2023
190,rome,34.257,-85.1647,23.23,73,100,0.89,US,Jun  8 2023
191,zaozersk,69.4005,32.4476,5.58,61,69,3.6,RU,Jun  8 2023
192,tutoia,-2.7619,-42.2744,24.84,88,11,3.31,BR,Jun  8 2023
193,new norfolk,-42.7826,147.0587,14.95,86,100,1.38,AU,Jun  8 2023
194,egilsstadir,65.2653,-14.3948,6.95,81,0,7.2,IS,Jun  8 2023
195,ulladulla,-35.35,150.4667,15.98,89,100,4.77,AU,Jun  8 2023
196,gadzhiyevo,69.2551,33.3362,5.27,67,40,2.87,RU,Jun  8 2023
197,paramonga,-10.6667,-77.8333,22.3,85,95,3.27,PE,Jun  8 2023
198,argo,37.6333,22.7333,20.44,49,100,1.95,GR,Jun  8 2023
199,popondetta,-8.7537,148.2534,23.75,98,99,0.6,PG,Jun  8 2023
200,bela,25.9333,81.9833,41.88,13,0,4.26,IN,Jun  8 2023
201,ust-nera,64.5667,143.2,11.16,74,97,2.42,RU,Jun  8 2023
202,terrace,54.5163,-128.6035,25.95,27,40,1.54,CA,Jun  8 2023
203,severnoye,56.3491,78.3619,28.71,46,78,3.32,RU,Jun  8 2023
204,stanley,54.868,-1.6985,9.39,81,75,2.06,GB,Jun  8 2023
205,kattivakkam,13.2167,80.3167,36.05,63,100,1.98,IN,Jun  8 2023
206,porto novo,6.4965,2.6036,21.9,94,100,3.0,BJ,Jun  8 2023
207,kavaratti,10.5669,72.642,29.11,77,96,7.77,IN,Jun  8 2023
208,bubaque,11.2833,-15.8333,27.66,75,72,5.81,GW,Jun  8 2023
209,eyl,7.9803,49.8164,28.88,60,98,9.81,SO,Jun  8 2023
210,plastun,44.7561,136.2939,13.7,91,100,2.02,RU,Jun  8 2023
211,arkhangel'sk,64.5401,40.5433,9.91,50,89,2.56,RU,Jun  8 2023
212,camalu,30.85,-116.0667,15.2,85,62,3.21,MX,Jun  8 2023
213,mugia,43.1041,-9.2179,18.84,87,56,4.8,ES,Jun  8 2023
214,mosjoen,65.836,13.1908,5.79,90,75,1.03,NO,Jun  8 2023
215,kourou,5.1552,-52.6478,24.03,91,97,2.69,GF,Jun  8 2023
216,termas de rio hondo,-27.4998,-64.8604,17.96,88,7,1.11,AR,Jun  8 2023
217,zuunmod,47.7069,106.9528,19.57,35,61,9.16,MN,Jun  8 2023
218,saint-benoit,-21.038,55.7194,24.06,76,42,4.73,RE,Jun  8 2023
219,misratah,32.3754,15.0925,20.47,79,87,2.71,LY,Jun  8 2023
220,brisas de zicatela,15.8369,-97.0419,29.29,70,20,2.57,MX,Jun  8 2023
221,dubbo,-32.25,148.6167,14.07,94,100,6.17,AU,Jun  8 2023
222,hadibu,12.65,54.0333,29.36,77,90,6.21,YE,Jun  8 2023
223,zeya,53.75,127.2667,22.46,44,73,3.65,RU,Jun  8 2023
224,mahina,-17.5065,-149.489,27.64,65,40,1.54,PF,Jun  8 2023
225,belmonte,-15.8631,-38.8828,22.44,82,3,4.13,BR,Jun  8 2023
226,queenstown,-31.8976,26.8753,8.39,41,1,3.41,ZA,Jun  8 2023
227,soio,-6.1349,12.3689,22.04,94,97,2.67,AO,Jun  8 2023
228,bardai,11.65,7.2333,22.45,73,98,4.46,NG,Jun  8 2023
229,lerwick,60.1545,-1.1494,10.0,76,13,4.14,GB,Jun  8 2023
230,salalah,17.0151,54.0924,30.05,74,20,1.03,OM,Jun  8 2023
231,lauro de freitas,-12.8944,-38.3272,24.01,94,75,7.2,BR,Jun  8 2023
232,payson,40.0444,-111.7321,19.1,46,0,3.6,US,Jun  8 2023
233,la verpilliere,45.6365,5.1415,18.17,82,0,4.12,FR,Jun  8 2023
234,tazovsky,67.4667,78.7,6.67,65,100,5.2,RU,Jun  8 2023
235,loushanguan,28.1375,106.82,21.39,79,97,2.72,CN,Jun  8 2023
236,sparti,37.0733,22.4297,21.08,81,97,0.94,GR,Jun  8 2023
237,ergli,56.8975,25.6367,15.3,50,5,0.35,LV,Jun  8 2023
238,santo angelo,-28.2992,-54.2631,17.14,70,67,1.95,BR,Jun  8 2023
239,minas de marcona,-15.2119,-75.1103,13.07,89,27,3.77,PE,Jun  8 2023
240,sondrio,46.169,9.8692,17.1,95,35,1.41,IT,Jun  8 2023
241,saldanha,-33.0117,17.9442,14.03,92,52,10.9,ZA,Jun  8 2023
242,makaha,21.4694,-158.2175,27.95,53,20,3.6,US,Jun  8 2023
243,howard springs,-12.497,131.047,32.95,38,69,3.22,AU,Jun  8 2023
244,coruripe,-10.1256,-36.1756,24.17,84,44,3.44,BR,Jun  8 2023
245,salinopolis,-0.6136,-47.3561,25.65,87,76,3.85,BR,Jun  8 2023
246,guadalupe y calvo,26.1,-106.9667,9.93,92,18,1.34,MX,Jun  8 2023
247,sierra grande,-41.606,-65.3557,12.16,38,100,3.13,AR,Jun  8 2023
248,port lincoln,-34.7333,135.8667,16.54,61,55,11.63,AU,Jun  8 2023
249,jayapura,-2.5333,140.7,33.66,71,45,2.2,ID,Jun  8 2023
250,matadi,-5.8167,13.45,21.92,94,91,0.91,CD,Jun  8 2023
251,tommot,58.9564,126.2925,22.28,44,76,4.16,RU,Jun  8 2023
252,monte aprazivel,-20.7725,-49.7142,20.36,65,0,2.82,BR,Jun  8 2023
253,kingston,17.997,-76.7936,28.53,87,40,5.14,JM,Jun  8 2023
254,avarua,-21.2078,-159.775,24.03,83,75,6.17,CK,Jun  8 2023
255,nogliki,51.8333,143.1667,7.87,77,17,5.67,RU,Jun  8 2023
256,puerto santa,-8.9906,-78.6456,22.48,87,51,2.76,PE,Jun  8 2023
257,hawaiian paradise park,19.5933,-154.9731,25.73,82,0,2.57,US,Jun  8 2023
258,harstad,68.799,16.5293,5.09,100,100,9.39,NO,Jun  8 2023
259,pimenta bueno,-11.6725,-61.1936,22.84,87,78,0.12,BR,Jun  8 2023
260,yarmouth,41.7057,-70.2286,14.42,88,100,2.24,US,Jun  8 2023
261,keflavik,64.0049,-22.5624,9.24,93,100,10.29,IS,Jun  8 2023
262,new plymouth,-39.0667,174.0833,12.4,78,2,2.41,NZ,Jun  8 2023
263,babu,24.4167,111.5167,32.6,61,92,1.09,CN,Jun  8 2023
264,ceeldheer,3.8488,47.1806,27.46,73,99,7.65,SO,Jun  8 2023
265,ledbury,52.0364,-2.4263,8.53,98,14,2.57,GB,Jun  8 2023
266,nabire,-3.3667,135.4833,30.71,63,42,2.64,ID,Jun  8 2023
267,codrington,-38.2667,141.9667,14.09,73,84,7.47,AU,Jun  8 2023
268,al jawf,29.5,38.75,26.07,27,0,1.41,SA,Jun  8 2023
269,codlea,45.7,25.45,15.14,57,91,1.01,RO,Jun  8 2023
270,dryden,49.7833,-92.7503,14.16,88,0,2.06,CA,Jun  8 2023
271,ihosy,-22.4,46.1167,17.75,82,45,2.33,MG,Jun  8 2023
272,puyang,29.4603,119.8861,26.82,84,97,2.34,CN,Jun  8 2023
273,la passe,45.5549,-0.8967,20.55,88,81,4.88,FR,Jun  8 2023
274,remire-montjoly,4.9167,-52.2667,24.02,100,100,0.0,GF,Jun  8 2023
275,nar'yan-mar,67.6713,53.087,4.76,54,97,3.83,RU,Jun  8 2023
276,semey,50.4111,80.2275,32.12,18,0,3.0,KZ,Jun  8 2023
277,turkmenbasy,40.0222,52.9552,21.43,56,0,4.12,TM,Jun  8 2023
278,leticia,-4.2153,-69.9406,24.03,94,40,0.0,CO,Jun  8 2023
279,nieuw amsterdam,5.8833,-55.0833,25.57,89,98,3.06,SR,Jun  8 2023
280,nur-sultan,51.1801,71.446,30.97,25,0,6.0,KZ,Jun  8 2023
281,taitung city,22.7583,121.1444,28.15,89,75,3.6,TW,Jun  8 2023
282,tolanaro,-25.0319,46.9987,21.04,94,20,2.06,MG,Jun  8 2023
283,visakhapatnam,17.69,83.2093,34.96,52,90,3.88,IN,Jun  8 2023
284,veraval,20.9,70.3667,30.87,65,13,3.96,IN,Jun  8 2023
285,uttar char fasson,22.2332,90.7132,30.59,64,100,2.61,BD,Jun  8 2023
286,torghay,49.6339,63.4981,21.97,42,41,5.53,KZ,Jun  8 2023
287,san jose de jachal,-30.2406,-68.7469,15.77,47,0,1.19,AR,Jun  8 2023
288,inarajan village,13.2736,144.7484,32.54,80,92,5.41,GU,Jun  8 2023
289,yaren,-0.5472,166.916,29.23,73,91,3.55,NR,Jun  8 2023
290,bikenibeu village,1.3673,173.1241,30.98,74,40,2.57,KI,Jun  8 2023
291,wynyard,-41.0,145.7167,13.32,88,28,5.31,AU,Jun  8 2023
292,wailua homesteads,22.0669,-159.378,26.44,79,20,5.14,US,Jun  8 2023
293,dongola,19.1667,30.4833,33.49,30,62,6.9,SD,Jun  8 2023
294,tura,25.5198,90.2201,28.54,69,100,1.45,IN,Jun  8 2023
295,mabai,23.0128,104.4508,22.48,79,95,1.01,CN,Jun  8 2023
296,tangalle,6.024,80.7911,32.09,63,76,7.36,LK,Jun  8 2023
297,sinabang,2.4803,96.3801,29.89,65,87,1.6,ID,Jun  8 2023
298,ugbokpo,7.6565,7.8664,23.19,93,93,2.39,NG,Jun  8 2023
299,haiku-pauwela,20.9219,-156.3051,26.01,66,40,5.66,US,Jun  8 2023
300,aripuana,-9.1667,-60.6333,23.31,92,99,0.28,BR,Jun  8 2023
301,tabas,33.5959,56.9244,32.04,20,100,2.79,IR,Jun  8 2023
302,itaituba,-4.2761,-55.9836,23.63,88,68,0.75,BR,Jun  8 2023
303,maceio,-9.6658,-35.7353,23.69,100,75,2.06,BR,Jun  8 2023
304,polyarnyy,69.1989,33.4478,5.34,68,40,2.96,RU,Jun  8 2023
305,bethlehem,-1.4558,-48.5044,25.02,94,75,0.0,BR,Jun  8 2023
306,nuuk,64.1835,-51.7216,0.34,80,100,4.12,GL,Jun  8 2023
307,kone,-21.0595,164.8658,24.03,54,32,4.31,NC,Jun  8 2023
308,acarau,-2.8856,-40.12,24.89,89,0,5.15,BR,Jun  8 2023
309,imbituba,-28.24,-48.6703,19.92,65,12,1.45,BR,Jun  8 2023
310,korhogo,9.45,-5.6333,22.68,88,54,3.04,CI,Jun  8 2023
311,ishigaki,24.3448,124.1572,30.07,74,40,6.17,JP,Jun  8 2023
312,ciudad insurgentes,25.2625,-111.7753,16.01,83,62,4.72,MX,Jun  8 2023
313,balabac,7.9868,117.0645,30.62,64,25,3.13,PH,Jun  8 2023
314,usinsk,65.9939,57.5281,5.7,51,79,4.46,RU,Jun  8 2023
315,inari,68.906,27.0288,6.11,57,86,4.04,FI,Jun  8 2023
316,cartagena,10.3997,-75.5144,28.79,84,40,1.54,CO,Jun  8 2023
317,fort st. john,56.2499,-120.8529,21.94,26,20,2.57,CA,Jun  8 2023
318,letlhakeng,-24.0944,25.0298,13.54,50,7,3.16,BW,Jun  8 2023
319,nurabad,34.0734,47.9725,21.81,37,7,1.54,IR,Jun  8 2023
320,dingli,35.8614,14.3822,18.23,72,0,1.03,MT,Jun  8 2023
321,tlalixtac de cabrera,17.0667,-96.65,19.83,77,52,0.55,MX,Jun  8 2023
322,arraial do cabo,-22.9661,-42.0278,19.87,86,0,6.09,BR,Jun  8 2023
323,sinan,34.8262,126.1086,27.06,78,79,7.44,KR,Jun  8 2023
324,port-saint-louis-du-rhone,43.3833,4.8,19.13,94,75,2.06,FR,Jun  8 2023
325,tambopata,-12.7333,-69.1833,23.2,86,55,0.46,PE,Jun  8 2023
326,myrina,39.8797,25.0742,18.58,77,20,6.17,GR,Jun  8 2023
327,constitucion,-35.3333,-72.4167,12.71,86,96,4.1,CL,Jun  8 2023
328,elassona,39.8947,22.1886,16.63,62,100,0.18,GR,Jun  8 2023
329,mana,5.6592,-53.7767,24.76,91,97,3.2,GF,Jun  8 2023
330,acapulco de juarez,16.8634,-99.8901,28.9,70,0,1.03,MX,Jun  8 2023
331,pocoes,-14.5297,-40.3653,16.44,95,57,2.38,BR,Jun  8 2023
332,babo-pangulo,15.0833,120.5167,34.1,59,75,2.06,PH,Jun  8 2023
333,daru,-9.0763,143.2092,26.13,88,99,8.06,PG,Jun  8 2023
334,qionghai,19.2425,110.4642,32.2,64,82,1.48,CN,Jun  8 2023
335,markovo,57.3206,107.0881,24.45,31,5,1.78,RU,Jun  8 2023
336,igarka,67.4667,86.5833,17.31,54,98,4.85,RU,Jun  8 2023
337,eqbaliyeh,35.3022,51.5358,24.9,38,100,4.97,IR,Jun  8 2023
338,ta`u,-14.2336,-169.5144,27.09,81,74,6.75,AS,Jun  8 2023
339,tofol,5.3248,163.0078,29.04,75,100,4.12,FM,Jun  8 2023
340,sandnessjoen,66.0217,12.6316,5.29,93,75,3.09,NO,Jun  8 2023
341,ola,59.5833,151.2833,20.08,77,12,4.14,RU,Jun  8 2023
342,chenzhou,25.8,113.0333,28.85,76,80,0.85,CN,Jun  8 2023
343,az zawr,29.4425,48.2747,38.3,49,0,2.64,KW,Jun  8 2023
344,georgetown,5.4112,100.3354,31.97,65,20,4.12,MY,Jun  8 2023
345,hithadhoo,-0.6,73.0833,28.6,68,40,1.29,MV,Jun  8 2023
346,beberibe,-4.1797,-38.1306,24.41,91,15,5.01,BR,Jun  8 2023
347,altamont,42.2068,-121.7372,15.91,61,75,9.77,US,Jun  8 2023
348,gufeng,26.9083,118.9819,22.9,93,99,1.14,CN,Jun  8 2023
349,al wajh,26.2455,36.4525,27.97,61,0,0.0,SA,Jun  8 2023
350,constantia,44.1833,28.65,16.5,63,93,2.86,RO,Jun  8 2023
351,tshabong,-26.05,22.45,12.08,18,3,4.12,BW,Jun  8 2023
352,cidreira,-30.1811,-50.2056,18.49,78,70,2.47,BR,Jun  8 2023
353,amga,60.8953,131.9608,22.19,37,20,2.52,RU,Jun  8 2023
354,darwin,-12.4611,130.8418,32.99,49,40,5.66,AU,Jun  8 2023
355,xinqing,48.2333,129.5,19.86,57,87,4.68,CN,Jun  8 2023
356,kuala tungkal,-0.8167,103.4667,27.77,80,90,3.81,ID,Jun  8 2023
357,cabedelo,-6.9811,-34.8339,24.37,85,28,3.72,BR,Jun  8 2023
358,weyburn,49.6668,-103.8511,19.12,82,34,9.26,CA,Jun  8 2023
359,tibati,6.4667,12.6333,17.9,97,100,0.07,CM,Jun  8 2023
360,manismata,-2.4667,111.0333,29.95,71,86,1.26,ID,Jun  8 2023
361,chibougamau,49.9168,-74.3659,11.79,71,100,2.06,CA,Jun  8 2023
362,yenangyaung,20.4667,94.8833,33.55,47,66,4.35,MM,Jun  8 2023
363,berezovyy,51.6667,135.7,20.15,59,89,2.16,RU,Jun  8 2023
364,pashkovskiy,45.0231,39.1061,19.0,68,0,5.0,RU,Jun  8 2023
365,nan,18.8333,100.6667,30.01,66,20,2.06,TH,Jun  8 2023
366,neiafu,-18.65,-173.9833,22.38,94,75,5.14,TO,Jun  8 2023
367,murzuq,25.9155,13.9184,24.09,41,49,6.93,LY,Jun  8 2023
368,axim,4.8699,-2.2405,24.76,90,100,2.51,GH,Jun  8 2023
369,redencao,-4.2258,-38.7306,22.79,95,25,1.23,BR,Jun  8 2023
370,sabaudia,41.3003,13.0282,19.56,97,99,1.71,IT,Jun  8 2023
371,holdrege,40.4403,-99.3698,23.6,56,0,0.0,US,Jun  8 2023
372,madalena,41.2162,-8.3345,18.32,86,19,1.82,PT,Jun  8 2023
373,lannion,48.75,-3.4167,14.82,96,100,0.45,FR,Jun  8 2023
374,york beach,43.1717,-70.6089,12.63,89,86,0.45,US,Jun  8 2023
375,bouca,6.5105,18.2733,21.44,91,82,0.79,CF,Jun  8 2023
376,hammerfest,70.6634,23.6821,3.25,87,75,2.57,NO,Jun  8 2023
377,kendari,-3.945,122.4989,29.96,61,51,2.05,ID,Jun  8 2023
378,tidjikja,18.5564,-11.4271,29.62,19,2,4.95,MR,Jun  8 2023
379,torrington,41.8007,-73.1212,14.1,86,98,1.53,US,Jun  8 2023
380,fisterra,42.9049,-9.2629,18.75,86,52,7.09,ES,Jun  8 2023
381,robit,12.0167,39.6333,24.36,44,61,0.77,ET,Jun  8 2023
382,sant lluis,39.8526,4.2594,20.22,94,20,1.54,ES,Jun  8 2023
383,dunedin,-45.8742,170.5036,7.67,73,2,1.34,NZ,Jun  8 2023
384,idri,27.5,13.2667,23.13,43,87,5.17,LY,Jun  8 2023
385,polva,58.0603,27.0694,10.01,58,8,1.85,EE,Jun  8 2023
386,akjoujt,19.6969,-14.4164,27.99,50,86,6.63,MR,Jun  8 2023
387,port alfred,-33.5906,26.891,14.99,61,3,2.91,ZA,Jun  8 2023
388,kuala terengganu,5.3302,103.1408,31.97,66,20,2.57,MY,Jun  8 2023
389,fort mcmurray,56.7268,-111.381,20.73,34,100,3.09,CA,Jun  8 2023
390,hilo,19.7297,-155.09,25.85,81,0,2.57,US,Jun  8 2023
391,onguday,50.75,86.15,26.85,36,100,1.82,RU,Jun  8 2023
392,nemuro,43.3236,145.575,13.1,93,61,4.93,JP,Jun  8 2023
393,uravakonda,14.95,77.2667,31.37,43,99,5.2,IN,Jun  8 2023
394,taungdwingyi,20.0167,95.55,33.82,44,86,4.8,MM,Jun  8 2023
395,machico,32.7,-16.7667,21.51,85,20,3.6,PT,Jun  8 2023
396,saynshand,44.8824,110.1163,24.25,16,71,8.76,MN,Jun  8 2023
397,suva,-18.1416,178.4415,22.71,94,75,3.09,FJ,Jun  8 2023
398,altai,46.3722,96.2583,21.84,21,1,3.61,MN,Jun  8 2023
399,zhongxiang,31.1661,112.5831,32.7,37,71,0.99,CN,Jun  8 2023
400,boyolangu,-8.1181,111.8935,28.02,74,91,3.99,ID,Jun  8 2023
401,guanare,9.0418,-69.7421,25.01,88,69,0.51,VE,Jun  8 2023
402,oppdal,62.5943,9.6912,5.73,82,100,2.45,NO,Jun  8 2023
403,boden,65.8252,21.6886,9.0,57,69,4.66,SE,Jun  8 2023
404,ceelbuur,4.685,46.6176,26.78,70,90,8.43,SO,Jun  8 2023
405,lorengau,-2.0226,147.2712,29.83,67,56,2.22,PG,Jun  8 2023
406,prince rupert,54.3161,-130.3201,15.05,83,0,2.06,CA,Jun  8 2023
407,adrar,20.5022,-10.0711,28.45,27,11,3.8,MR,Jun  8 2023
408,sosnogorsk,63.6023,53.8817,8.62,45,99,2.11,RU,Jun  8 2023
409,jatoba,-9.1831,-38.2689,20.99,96,70,3.65,BR,Jun  8 2023
410,kapa'a,22.0752,-159.319,27.18,79,20,5.14,US,Jun  8 2023
411,north battleford,52.7834,-108.2847,18.05,72,0,2.57,CA,Jun  8 2023
412,tvoroyri,61.5556,-6.8111,8.96,89,100,3.83,FO,Jun  8 2023
413,cuito,-12.3833,16.9333,11.05,50,2,0.34,AO,Jun  8 2023
414,berdigestyakh,62.0989,126.6992,19.06,26,99,3.35,RU,Jun  8 2023
415,bougouni,11.417,-7.479,26.26,73,96,3.2,ML,Jun  8 2023
416,hwange,-18.3693,26.5019,14.71,65,0,1.0,ZW,Jun  8 2023
417,takoradi,4.8845,-1.7554,24.76,89,100,1.83,GH,Jun  8 2023
418,nouadhibou,20.931,-17.0347,21.99,94,100,3.6,MR,Jun  8 2023
419,abatskoye,56.2875,70.4555,14.12,81,100,6.62,RU,Jun  8 2023
420,mariehamn,60.0973,19.9348,11.92,76,0,1.03,AX,Jun  8 2023
421,rosetta,31.4044,30.4164,23.8,73,100,5.88,EG,Jun  8 2023
422,lethem,3.3803,-59.7968,23.97,91,100,3.09,GY,Jun  8 2023
423,katsuren-haebaru,26.3369,127.8719,31.43,62,40,6.69,JP,Jun  8 2023
424,chonchi,-42.6128,-73.8092,12.56,88,100,7.8,CL,Jun  8 2023
425,madang,-5.2246,145.7966,29.39,74,100,3.09,PG,Jun  8 2023
426,prachuap khiri khan,12.2167,99.75,27.29,69,100,3.92,TH,Jun  8 2023
427,bim son,20.0781,105.8603,33.62,57,100,1.12,VN,Jun  8 2023
428,portland,45.5234,-122.6762,24.23,62,40,2.06,US,Jun  8 2023
429,turpan,42.9333,89.1667,42.43,6,84,1.56,CN,Jun  8 2023
430,camacupa,-12.0167,17.4833,11.43,53,5,1.83,AO,Jun  8 2023
431,portrush,55.1959,-6.6493,9.44,92,65,3.51,GB,Jun  8 2023
432,tamanrasset,22.785,5.5228,22.95,14,0,1.54,DZ,Jun  8 2023
433,beaufort west,-32.3567,22.583,11.37,73,44,8.36,ZA,Jun  8 2023
434,el porvenir,13.7617,-87.3458,23.63,94,86,0.58,HN,Jun  8 2023
435,bogale,16.2833,95.4,27.27,76,99,4.74,MM,Jun  8 2023
436,magong,23.5654,119.5863,27.91,83,28,4.03,TW,Jun  8 2023
437,voznesenskaya,44.5527,41.0318,16.9,77,81,5.19,RU,Jun  8 2023
438,wickenburg,33.9686,-112.7296,24.83,18,1,2.69,US,Jun  8 2023
439,qala i naw,34.9874,63.1289,28.06,21,2,4.02,AF,Jun  8 2023
440,ust'-ilimsk,58.0006,102.6619,28.39,29,51,1.71,RU,Jun  8 2023
441,sipalay,9.75,122.5,30.09,72,98,4.94,PH,Jun  8 2023
442,ndele,8.4109,20.6473,21.98,90,100,1.03,CF,Jun  8 2023
443,afaahiti,-17.75,-149.2833,26.7,66,92,9.14,PF,Jun  8 2023
444,malpica,43.3228,-8.8105,18.46,73,69,2.32,ES,Jun  8 2023
445,leava,-14.3,-178.1667,27.75,72,92,1.93,WF,Jun  8 2023
446,cannonvale,-20.2833,148.7,21.66,62,67,4.87,AU,Jun  8 2023
447,agryz,56.5203,52.9942,10.44,88,99,4.81,RU,Jun  8 2023
448,kinkala,-4.3614,14.7644,19.01,98,37,1.24,CG,Jun  8 2023
449,laguna,38.421,-121.4238,19.08,69,100,5.66,US,Jun  8 2023
450,xi'an,34.2583,108.9286,29.45,26,100,1.24,CN,Jun  8 2023
451,alofi,-19.0595,-169.9187,22.94,94,100,2.06,NU,Jun  8 2023
452,visby,57.6409,18.296,14.12,72,0,2.06,SE,Jun  8 2023
453,puerto aysen,-45.4,-72.7,5.82,100,100,0.97,CL,Jun  8 2023
454,kununurra,-15.7667,128.7333,32.99,35,32,5.14,AU,Jun  8 2023
455,rudbar,30.15,62.6,36.26,10,51,5.48,AF,Jun  8 2023
456,port saint john's,-31.6229,29.5448,17.67,53,0,2.46,ZA,Jun  8 2023
457,mount gambier,-37.8333,140.7667,13.07,80,63,6.21,AU,Jun  8 2023
458,huntley,42.1681,-88.4281,14.04,60,0,3.7,US,Jun  8 2023
459,mili,6.0815,171.735,28.55,80,41,7.27,MH,Jun  8 2023
460,groningen,53.25,6.75,12.24,86,100,3.09,NL,Jun  8 2023
461,crane,31.3974,-102.3501,22.12,54,100,4.08,US,Jun  8 2023
462,klyuchi,52.2667,79.1667,32.98,21,36,3.19,RU,Jun  8 2023
463,olyokminsk,60.3736,120.4264,16.14,56,100,4.31,RU,Jun  8 2023
464,santa cruz,-17.8,-63.1667,21.7,94,40,0.0,BO,Jun  8 2023
465,labrador city,52.9463,-66.9114,3.95,93,100,4.63,CA,Jun  8 2023
466,ambalangoda,6.2355,80.0538,28.81,79,81,6.59,LK,Jun  8 2023
467,kalmunai,7.4167,81.8167,31.4,60,98,1.01,LK,Jun  8 2023
468,ladhewala waraich,32.1566,74.117,29.06,25,56,1.24,PK,Jun  8 2023
469,auki,-8.7676,160.7034,27.21,82,53,1.16,SB,Jun  8 2023
470,saiha,22.4833,92.9667,29.46,64,92,1.73,IN,Jun  8 2023
471,dukhovnitskoye,52.4828,48.2137,16.37,68,36,2.58,RU,Jun  8 2023
472,gaalkacyo,6.7697,47.4308,26.51,62,100,8.44,SO,Jun  8 2023
473,tuxpan,19.55,-103.4,21.41,92,8,0.83,MX,Jun  8 2023
474,marsh harbour,26.5412,-77.0636,26.88,76,3,6.14,BS,Jun  8 2023
475,abu jibeha,11.4562,31.2285,27.7,54,40,2.63,SD,Jun  8 2023
476,pelabuhanratu,-6.9875,106.5514,30.4,67,100,1.9,ID,Jun  8 2023
477,port augusta,-32.5,137.7667,18.55,43,10,8.87,AU,Jun  8 2023
478,san antonio de pale,-1.4014,5.6325,24.83,77,94,6.71,GQ,Jun  8 2023
479,otsuchi,39.3667,141.9,20.96,72,100,3.79,JP,Jun  8 2023
480,manokwari,-0.8667,134.0833,28.82,71,10,3.36,ID,Jun  8 2023
481,christchurch,-43.5333,172.6333,9.62,79,75,3.09,NZ,Jun  8 2023
482,naze,28.3667,129.4833,26.51,84,100,7.4,JP,Jun  8 2023
483,saint-philippe,-21.3585,55.7679,23.77,78,63,4.75,RE,Jun  8 2023
484,sao jose da coroa grande,-8.8978,-35.1478,24.6,87,53,3.28,BR,Jun  8 2023
485,alesund,62.4723,6.1549,10.42,77,75,5.14,NO,Jun  8 2023
486,collie,-33.3667,116.15,16.77,57,55,2.38,AU,Jun  8 2023
487,villa maria grande,-31.6656,-59.9018,18.2,92,76,3.35,AR,Jun  8 2023
488,cockburn town,21.4612,-71.1419,28.46,83,58,8.77,TC,Jun  8 2023
489,luanda,-8.8368,13.2343,22.0,88,75,0.51,AO,Jun  8 2023
490,fuerte olimpo,-21.0415,-57.8738,18.21,63,0,2.37,PY,Jun  8 2023
491,orsa,54.5153,30.4053,16.09,76,42,0.55,BY,Jun  8 2023
492,fort bragg,35.139,-79.006,17.85,95,100,2.57,US,Jun  8 2023
493,capayan,-28.761,-66.0502,17.11,77,0,1.23,AR,Jun  8 2023
494,dolni chiflik,42.9833,27.7167,19.12,99,8,1.72,BG,Jun  8 2023
495,smara,26.7384,-11.6719,25.83,80,65,6.56,EH,Jun  8 2023
496,la cocha,-27.7773,-65.5704,19.81,77,79,0.79,AR,Jun  8 2023
497,vynohradiv,48.15,22.7667,16.14,84,58,1.66,UA,Jun  8 2023
498,gisborne,-38.6533,178.0042,13.68,74,4,5.44,NZ,Jun  8 2023
499,tahoua,14.8888,5.2692,28.7,56,67,7.32,NE,Jun  8 2023
500,xinyuan,37.3,99.0,14.33,34,59,2.19,CN,Jun  8 2023
501,cadale,2.7603,46.3222,27.21,77,90,8.05,SO,Jun  8 2023
502,paraparaumu,-40.9167,175.0167,12.75,77,11,2.04,NZ,Jun  8 2023
503,carnarvon,-24.8667,113.6333,21.62,36,0,4.39,AU,Jun  8 2023
504,konarka,19.9,86.1167,33.22,53,57,5.0,IN,Jun  8 2023
505,guangzhou,23.1167,113.25,29.97,53,67,3.46,CN,Jun  8 2023
506,zagora,30.3484,-5.8365,25.31,45,93,3.11,MA,Jun  8 2023
507,mabaruma,8.2,-59.7833,23.81,94,41,1.39,GY,Jun  8 2023
508,kingscliff,-28.2667,153.5667,22.07,64,2,4.63,AU,Jun  8 2023
509,mokhsogollokh,61.4681,128.9203,21.22,29,22,2.81,RU,Jun  8 2023
510,pakruojis,55.9667,23.8667,13.44,69,0,1.52,LT,Jun  8 2023
511,aral,40.5156,81.2636,33.78,9,100,0.81,CN,Jun  8 2023
512,briancon,44.9,6.65,12.57,89,93,0.19,FR,Jun  8 2023
513,villa la venta,18.1,-94.05,26.53,86,3,1.31,MX,Jun  8 2023
514,sinop,41.7711,34.8709,18.86,71,13,1.11,TR,Jun  8 2023
515,bel ombre,-4.6167,55.4167,28.91,74,40,6.17,SC,Jun  8 2023
516,akobo,7.4344,3.9497,22.75,94,40,2.06,NG,Jun  8 2023
517,oyama,36.3,139.8,29.21,35,100,3.35,JP,Jun  8 2023
518,pacific grove,36.6177,-121.9166,15.23,84,100,2.57,US,Jun  8 2023
519,tampakan,6.4442,124.9264,31.48,65,30,1.28,PH,Jun  8 2023
520,callaway,30.153,-85.5699,25.55,78,20,3.6,US,Jun  8 2023
521,chicoana,-25.1009,-65.5331,15.59,79,78,1.41,AR,Jun  8 2023
522,lompoc,34.6391,-120.4579,16.55,93,0,2.57,US,Jun  8 2023
523,kovel,51.2153,24.7087,13.92,89,93,2.93,UA,Jun  8 2023
524,nagqu,31.5,92.0,14.53,26,12,4.2,CN,Jun  8 2023
525,nuku'alofa,-21.1333,-175.2,20.19,94,100,2.57,TO,Jun  8 2023
526,mahanoro,-19.9,48.8,21.9,90,10,1.75,MG,Jun  8 2023
527,gubat,12.9206,124.1231,30.38,68,33,0.78,PH,Jun  8 2023
528,afgooye,2.1381,45.1212,26.45,75,65,6.84,SO,Jun  8 2023
529,miles city,46.4083,-105.8406,19.54,82,0,3.6,US,Jun  8 2023
530,tema,5.667,-0.0166,25.23,94,0,2.57,GH,Jun  8 2023
531,inirida,3.8653,-67.9239,22.87,96,99,0.4,CO,Jun  8 2023
532,kikwit,-5.041,18.8162,21.15,97,55,0.48,CD,Jun  8 2023
533,jinan,36.6683,116.9972,31.92,9,0,3.96,CN,Jun  8 2023
534,haverfordwest,51.8017,-4.9691,12.53,85,76,0.45,GB,Jun  8 2023
535,kirensk,57.7853,108.1119,23.75,34,18,1.59,RU,Jun  8 2023
536,sabang,5.8933,95.3214,28.6,74,100,7.82,ID,Jun  8 2023
537,amahai,-3.3333,128.9167,28.51,74,71,1.81,ID,Jun  8 2023
538,korla,41.7597,86.1469,34.01,11,100,2.72,CN,Jun  8 2023
539,deyang,31.1302,104.382,32.63,35,98,1.32,CN,Jun  8 2023
540,carmo do paranaiba,-19.0008,-46.3161,9.86,89,0,0.85,BR,Jun  8 2023
541,kruisfontein,-34.0033,24.7314,11.36,72,26,3.33,ZA,Jun  8 2023
542,vallenar,-28.5708,-70.7581,13.78,82,0,0.58,CL,Jun  8 2023
543,brookings,44.3114,-96.7984,22.19,73,0,1.54,US,Jun  8 2023
544,lautoka,-17.6167,177.4667,23.92,78,75,3.6,FJ,Jun  8 2023
545,ivins,37.1686,-113.6794,24.62,22,49,0.45,US,Jun  8 2023
546,tocache,-8.1842,-76.5125,20.67,97,31,0.17,PE,Jun  8 2023
547,nizhniy lomov,53.5304,43.6766,17.64,65,95,3.54,RU,Jun  8 2023
548,palmer,42.1584,-72.3287,13.97,76,40,2.06,US,Jun  8 2023
549,maragogi,-9.0122,-35.2225,24.11,88,34,2.92,BR,Jun  8 2023
550,gaigeturi,33.4644,126.3183,23.03,83,75,5.66,KR,Jun  8 2023
551,hacienda huancane,-15.8222,-70.8856,-0.4,53,0,0.6,PE,Jun  8 2023
552,kurchatov,51.6601,35.6521,16.23,70,100,1.91,RU,Jun  8 2023
553,weno,7.4515,151.8468,30.97,79,75,4.12,FM,Jun  8 2023
554,kyabe,9.4515,18.9449,23.86,74,99,1.2,TD,Jun  8 2023
555,novo horizonte,-21.4681,-49.2208,15.74,68,0,2.9,BR,Jun  8 2023
556,saint-pierre,-21.3393,55.4781,23.82,57,0,2.57,RE,Jun  8 2023
557,grantsville,40.5999,-112.4644,19.38,67,0,3.13,US,Jun  8 2023
558,zouerate,22.7187,-12.4521,25.75,61,97,6.2,MR,Jun  8 2023
559,vanimo,-2.6741,141.3028,28.39,80,56,1.97,PG,Jun  8 2023
560,del rio,29.3627,-100.8968,30.06,56,0,5.36,US,Jun  8 2023
561,xishan,27.6667,113.5,28.59,81,92,1.89,CN,Jun  8 2023
562,talcahuano,-36.7167,-73.1167,12.82,100,100,6.69,CL,Jun  8 2023
563,bredy,52.4153,60.3411,18.0,44,96,3.61,RU,Jun  8 2023
564,barguzin,53.6167,109.6167,21.91,34,1,1.72,RU,Jun  8 2023
565,tefe,-3.3542,-64.7114,23.14,99,90,0.73,BR,Jun  8 2023
566,powell river,49.8496,-124.5361,23.0,53,58,2.5,CA,Jun  8 2023
567,sur,22.5667,59.5289,35.09,46,85,3.16,OM,Jun  8 2023
568,nanchang,28.6833,115.8833,23.31,92,100,0.48,CN,Jun  8 2023
569,guarambare,-25.4833,-57.4667,16.76,80,14,2.83,PY,Jun  8 2023
570,burley,42.5357,-113.7928,17.38,71,100,5.14,US,Jun  8 2023
571,san luis de la loma,17.2706,-100.8939,27.29,72,18,1.16,MX,Jun  8 2023
572,sultanah,24.4926,39.5857,31.25,18,0,2.06,SA,Jun  8 2023
573,swift current,50.2834,-107.8014,17.45,88,0,2.06,CA,Jun  8 2023
574,ambagarh chauki,20.7833,80.7167,41.11,15,45,3.96,IN,Jun  8 2023
575,al hoceima,35.2433,-3.9309,20.57,73,40,2.57,MA,Jun  8 2023
576,sokoni,-6.4333,39.55,23.92,82,73,6.67,TZ,Jun  8 2023
577,bandon,51.7469,-8.7425,13.77,92,98,3.15,IE,Jun  8 2023
578,labytnangi,66.6572,66.4183,9.21,45,78,2.55,RU,Jun  8 2023
579,melekhovo,56.2773,41.2935,13.56,70,3,1.77,RU,Jun  8 2023
580,callao,-12.0667,-77.15,23.18,78,100,3.6,PE,Jun  8 2023
581,dhidhdhoo,6.8833,73.1,28.98,79,100,8.4,MV,Jun  8 2023
582,pathein,16.7833,94.7333,27.3,81,100,4.91,MM,Jun  8 2023
